Action_ID,Security_ID,Action_Type,Action_Date,Amount
ACT000001,SEC00081,Merger,11/1/2024,2.96
ACT000002,SEC00135,SpinOff,4/12/2025,3.27
ACT000003,SEC00066,SpinOff,8/21/2025,
ACT000004,SEC00030,Merger,3/10/2025,0.4
ACT000005,SEC00014,RightsIssue,3/5/2025,3.94
ACT000006,SEC00020,Dividend,1/20/2025,0.15
ACT000007,SEC00017,SpinOff,12/31/2024,
ACT000008,SEC00003,Merger,5/18/2025,0.44
ACT000009,SEC00093,RightsIssue,1/27/2025,0.67
ACT000010,SEC00159,Dividend,3/4/2025,0.72
ACT000011,SEC00180,RightsIssue,10/21/2024,3.49
ACT000012,SEC00088,Dividend,11/8/2024,0.78
ACT000013,SEC00060,RightsIssue,4/16/2025,0.23
ACT000014,SEC00180,SpinOff,9/24/2024,2.16
ACT000015,SEC00022,RightsIssue,1/23/2025,2.73
ACT000016,SEC00001,RightsIssue,9/9/2025,2.18
ACT000017,SEC00040,Merger,4/10/2025,4.6
ACT000018,SEC00039,RightsIssue,3/7/2025,3.91
ACT000019,SEC00005,SpinOff,3/31/2025,3.19
ACT000020,SEC00133,SpinOff,8/18/2025,
ACT000021,SEC00078,Dividend,9/12/2024,
ACT000022,SEC00079,RightsIssue,8/6/2025,2.49
ACT000023,SEC00081,RightsIssue,4/21/2025,
ACT000024,SEC00111,Split,2/23/2025,1.31
ACT000025,SEC00149,SpinOff,10/6/2024,
ACT000026,SEC00072,SpinOff,8/22/2025,3.12
ACT000027,SEC00089,Merger,7/27/2025,
ACT000028,SEC00058,Split,12/27/2024,1.4
ACT000029,SEC00111,SpinOff,2/12/2025,2.49
ACT000030,SEC00009,Split,11/29/2024,4.38
ACT000031,SEC00072,Merger,9/12/2024,1.75
ACT000032,SEC00097,Split,12/5/2024,3.07
ACT000033,SEC00161,RightsIssue,2/23/2025,2.68
ACT000034,SEC00078,Split,4/13/2025,0.39
ACT000035,SEC00175,RightsIssue,9/3/2025,3.73
ACT000036,SEC00079,Split,9/22/2024,1.7
ACT000037,SEC00052,Dividend,5/14/2025,1.62
ACT000038,SEC00166,Dividend,10/25/2024,1.45
ACT000039,SEC00135,SpinOff,6/2/2025,0.88
ACT000040,SEC00143,Split,12/5/2024,
ACT000041,SEC00079,Split,11/7/2024,2.65
ACT000042,SEC00015,SpinOff,7/17/2025,
ACT000043,SEC00068,SpinOff,9/11/2025,3.12
ACT000044,SEC00110,Merger,3/25/2025,
ACT000045,SEC00095,Merger,6/26/2025,0.33
ACT000046,SEC00021,Merger,7/4/2025,
ACT000047,SEC00145,RightsIssue,6/15/2025,2.65
ACT000048,SEC00130,Merger,9/20/2024,
ACT000049,SEC00048,Merger,11/24/2024,1.85
ACT000050,SEC00099,RightsIssue,8/21/2025,3.2
ACT000051,SEC00030,Merger,3/17/2025,2.45
ACT000052,SEC00032,Split,6/23/2025,
ACT000053,SEC00024,Dividend,1/8/2025,0.48
ACT000054,SEC00044,Merger,5/17/2025,1.65
ACT000055,SEC00109,RightsIssue,1/8/2025,2.28
ACT000056,SEC00042,SpinOff,12/9/2024,4.61
ACT000057,SEC00170,RightsIssue,7/18/2025,4.96
ACT000058,SEC00163,Merger,8/30/2025,1.58
ACT000059,SEC00086,Split,1/28/2025,3.49
ACT000060,SEC00031,Split,9/17/2024,4.97
ACT000061,SEC00173,Split,9/15/2024,
ACT000062,SEC00033,Split,3/24/2025,3.35
ACT000063,SEC00164,RightsIssue,8/9/2025,
ACT000064,SEC00054,SpinOff,2/26/2025,1.51
ACT000065,SEC00001,SpinOff,7/26/2025,
ACT000066,SEC00113,Merger,10/5/2024,2.58
ACT000067,SEC00004,Split,8/24/2025,0.36
ACT000068,SEC00117,Dividend,1/12/2025,4.8
ACT000069,SEC00103,Dividend,1/8/2025,
ACT000070,SEC00161,SpinOff,4/26/2025,2.6
ACT000071,SEC00085,SpinOff,8/19/2025,0.82
ACT000072,SEC00133,Merger,12/30/2024,
ACT000073,SEC00167,Dividend,7/23/2025,
ACT000074,SEC00171,SpinOff,5/13/2025,2.72
ACT000075,SEC00019,SpinOff,2/3/2025,
ACT000076,SEC00164,SpinOff,2/9/2025,
ACT000077,SEC00114,SpinOff,8/19/2025,3.36
ACT000078,SEC00107,Split,8/17/2025,4.86
ACT000079,SEC00028,RightsIssue,3/30/2025,3.05
ACT000080,SEC00165,Merger,5/9/2025,
ACT000081,SEC00001,Merger,1/22/2025,0.58
ACT000082,SEC00100,Dividend,12/30/2024,3.31
ACT000083,SEC00006,Dividend,4/4/2025,2.13
ACT000084,SEC00015,Dividend,9/17/2024,
ACT000085,SEC00001,SpinOff,4/13/2025,3.88
ACT000086,SEC00027,Dividend,2/26/2025,2.04
ACT000087,SEC00036,Split,9/4/2025,
ACT000088,SEC00155,Dividend,9/9/2025,
ACT000089,SEC00074,Dividend,9/16/2024,1.33
ACT000090,SEC00163,Merger,2/28/2025,1.12
ACT000091,SEC00141,Merger,9/21/2024,2.7
ACT000092,SEC00147,Dividend,5/7/2025,2.09
ACT000093,SEC00127,Merger,1/25/2025,4.93
ACT000094,SEC00065,Dividend,3/5/2025,3.99
ACT000095,SEC00119,Dividend,12/25/2024,
ACT000096,SEC00061,RightsIssue,7/12/2025,
ACT000097,SEC00178,Split,7/9/2025,1.35
ACT000098,SEC00024,SpinOff,5/9/2025,
ACT000099,SEC00129,SpinOff,5/18/2025,
ACT000100,SEC00113,RightsIssue,1/19/2025,1.54
ACT000101,SEC00061,RightsIssue,1/30/2025,4.95
ACT000102,SEC00096,RightsIssue,11/16/2024,0.75
ACT000103,SEC00094,Dividend,1/22/2025,0.81
ACT000104,SEC00097,Merger,4/22/2025,3.48
ACT000105,SEC00113,RightsIssue,8/28/2025,2.64
ACT000106,SEC00162,RightsIssue,4/24/2025,0.2
ACT000107,SEC00142,Merger,4/26/2025,3.04
ACT000108,SEC00003,Merger,1/7/2025,4.5
ACT000109,SEC00099,SpinOff,4/1/2025,1.24
ACT000110,SEC00097,Merger,10/14/2024,
ACT000111,SEC00100,Merger,10/21/2024,
ACT000112,SEC00158,SpinOff,8/5/2025,1.26
ACT000113,SEC00018,Split,8/9/2025,0.61
ACT000114,SEC00115,Merger,3/15/2025,
ACT000115,SEC00037,Split,9/17/2024,0.44
ACT000116,SEC00147,Split,8/3/2025,0.4
ACT000117,SEC00051,Dividend,10/20/2024,
ACT000118,SEC00081,RightsIssue,6/4/2025,4.54
ACT000119,SEC00108,Split,8/16/2025,
ACT000120,SEC00033,SpinOff,8/2/2025,2.8
ACT000121,SEC00087,Dividend,6/23/2025,1.73
ACT000122,SEC00005,Merger,6/25/2025,3.4
ACT000123,SEC00070,RightsIssue,4/9/2025,4.96
ACT000124,SEC00143,SpinOff,3/2/2025,3.1
ACT000125,SEC00141,Dividend,3/17/2025,1.31
ACT000126,SEC00174,RightsIssue,1/10/2025,
ACT000127,SEC00006,Merger,9/4/2025,
ACT000128,SEC00097,Split,2/2/2025,
ACT000129,SEC00158,Dividend,5/17/2025,
ACT000130,SEC00119,SpinOff,4/6/2025,4.45
ACT000131,SEC00100,Dividend,11/4/2024,1.78
ACT000132,SEC00133,Merger,6/3/2025,0.82
ACT000133,SEC00041,SpinOff,1/8/2025,1.6
ACT000134,SEC00106,SpinOff,12/8/2024,4.99
ACT000135,SEC00065,Merger,8/25/2025,
ACT000136,SEC00147,Merger,5/10/2025,1.01
ACT000137,SEC00159,SpinOff,5/27/2025,
ACT000138,SEC00102,RightsIssue,8/9/2025,4.83
ACT000139,SEC00091,Split,1/6/2025,
ACT000140,SEC00033,Split,6/19/2025,3.39
ACT000141,SEC00152,SpinOff,8/30/2025,
ACT000142,SEC00032,Merger,11/10/2024,1.59
ACT000143,SEC00008,Split,10/10/2024,5
ACT000144,SEC00119,RightsIssue,3/8/2025,4.62
ACT000145,SEC00039,Merger,3/8/2025,4.39
ACT000146,SEC00080,Split,2/5/2025,
ACT000147,SEC00004,Dividend,4/16/2025,3.55
ACT000148,SEC00037,Merger,10/8/2024,2.43
ACT000149,SEC00038,Merger,7/17/2025,
ACT000150,SEC00176,Dividend,6/27/2025,4.1
ACT000151,SEC00118,RightsIssue,1/22/2025,4.64
ACT000152,SEC00113,Split,1/24/2025,0.55
ACT000153,SEC00148,RightsIssue,11/11/2024,2.48
ACT000154,SEC00091,SpinOff,10/11/2024,3.59
ACT000155,SEC00001,RightsIssue,6/29/2025,
ACT000156,SEC00123,RightsIssue,3/31/2025,4.47
ACT000157,SEC00004,Dividend,8/26/2025,2.24
ACT000158,SEC00155,RightsIssue,10/14/2024,1.16
ACT000159,SEC00014,RightsIssue,5/10/2025,2.03
ACT000160,SEC00035,SpinOff,5/20/2025,
ACT000161,SEC00004,Merger,5/13/2025,3.03
ACT000162,SEC00104,RightsIssue,11/8/2024,1.44
ACT000163,SEC00115,Dividend,1/27/2025,4.12
ACT000164,SEC00058,SpinOff,5/19/2025,3.23
ACT000165,SEC00155,RightsIssue,5/15/2025,
ACT000166,SEC00020,Merger,7/8/2025,1.01
ACT000167,SEC00015,Split,6/2/2025,
ACT000168,SEC00144,Merger,4/27/2025,1.6
ACT000169,SEC00122,Dividend,2/7/2025,
ACT000170,SEC00047,RightsIssue,1/28/2025,
ACT000171,SEC00150,Merger,8/8/2025,0.63
ACT000172,SEC00154,Split,5/24/2025,1.02
ACT000173,SEC00110,SpinOff,5/14/2025,1.39
ACT000174,SEC00020,Dividend,7/31/2025,1.69
ACT000175,SEC00115,Dividend,1/3/2025,2.48
ACT000176,SEC00058,Merger,5/20/2025,
ACT000177,SEC00075,RightsIssue,9/25/2024,2.01
ACT000178,SEC00028,Dividend,5/29/2025,
ACT000179,SEC00070,Merger,3/26/2025,3.57
ACT000180,SEC00144,Dividend,9/4/2025,
ACT000181,SEC00051,RightsIssue,6/8/2025,1.53
ACT000182,SEC00002,RightsIssue,8/28/2025,0.16
ACT000183,SEC00042,Dividend,10/12/2024,1.62
ACT000184,SEC00023,SpinOff,7/16/2025,
ACT000185,SEC00171,Merger,2/26/2025,1.83
ACT000186,SEC00165,Split,12/15/2024,2.98
ACT000187,SEC00014,SpinOff,4/6/2025,0.23
ACT000188,SEC00079,Split,9/5/2025,2.47
ACT000189,SEC00136,Dividend,11/22/2024,
ACT000190,SEC00025,Merger,1/18/2025,3.1
ACT000191,SEC00026,Merger,7/25/2025,0.09
ACT000192,SEC00024,SpinOff,10/14/2024,2.52
ACT000193,SEC00003,SpinOff,7/17/2025,3.73
ACT000194,SEC00162,Split,5/5/2025,0.28
ACT000195,SEC00114,Merger,11/15/2024,4.33
ACT000196,SEC00172,RightsIssue,12/8/2024,3.44
ACT000197,SEC00177,Dividend,9/13/2024,3.61
ACT000198,SEC00173,Split,2/28/2025,3.96
ACT000199,SEC00071,Dividend,2/2/2025,
ACT000200,SEC00038,Dividend,1/18/2025,
ACT000201,SEC00105,Merger,7/15/2025,
ACT000202,SEC00176,Dividend,9/26/2024,
ACT000203,SEC00165,Merger,11/19/2024,
ACT000204,SEC00040,RightsIssue,2/9/2025,2.99
ACT000205,SEC00106,Dividend,9/13/2024,2.88
ACT000206,SEC00129,RightsIssue,1/28/2025,3.15
ACT000207,SEC00125,Dividend,8/9/2025,2.21
ACT000208,SEC00076,Dividend,4/2/2025,2.32
ACT000209,SEC00073,SpinOff,10/25/2024,3.97
ACT000210,SEC00088,RightsIssue,8/1/2025,
ACT000211,SEC00119,Dividend,5/4/2025,
ACT000212,SEC00111,RightsIssue,3/25/2025,
ACT000213,SEC00070,Dividend,1/19/2025,
ACT000214,SEC00135,Split,9/4/2025,
ACT000215,SEC00163,Split,8/19/2025,2.91
ACT000216,SEC00105,RightsIssue,7/23/2025,4.03
ACT000217,SEC00134,Merger,7/2/2025,4.75
ACT000218,SEC00088,SpinOff,6/20/2025,4.39
ACT000219,SEC00042,SpinOff,3/30/2025,
ACT000220,SEC00057,RightsIssue,3/19/2025,3.79
ACT000221,SEC00093,SpinOff,10/20/2024,
ACT000222,SEC00024,Split,10/1/2024,4.92
ACT000223,SEC00070,SpinOff,8/12/2025,4.78
ACT000224,SEC00137,Dividend,10/4/2024,
ACT000225,SEC00164,Split,12/19/2024,
ACT000226,SEC00054,SpinOff,8/7/2025,
ACT000227,SEC00056,SpinOff,10/14/2024,2.26
ACT000228,SEC00170,Merger,1/14/2025,4.4
ACT000229,SEC00165,Dividend,3/20/2025,1.46
ACT000230,SEC00092,Split,3/22/2025,0.57
ACT000231,SEC00134,Merger,6/5/2025,3.1
ACT000232,SEC00106,Merger,4/19/2025,2.19
ACT000233,SEC00030,SpinOff,12/28/2024,0.34
ACT000234,SEC00064,Dividend,8/23/2025,
ACT000235,SEC00113,SpinOff,2/11/2025,
ACT000236,SEC00009,Dividend,3/12/2025,1.89
ACT000237,SEC00022,RightsIssue,9/7/2025,3.98
ACT000238,SEC00168,RightsIssue,10/16/2024,
ACT000239,SEC00118,SpinOff,4/21/2025,2.43
ACT000240,SEC00011,RightsIssue,6/28/2025,4.99
ACT000241,SEC00100,Merger,6/10/2025,
ACT000242,SEC00094,Dividend,7/24/2025,2.52
ACT000243,SEC00165,Merger,1/26/2025,
ACT000244,SEC00146,RightsIssue,5/4/2025,3.75
ACT000245,SEC00162,Merger,12/4/2024,
ACT000246,SEC00116,Dividend,3/14/2025,0.58
ACT000247,SEC00108,Merger,11/29/2024,4.41
ACT000248,SEC00145,Split,11/3/2024,4.06
ACT000249,SEC00157,SpinOff,1/25/2025,3.32
ACT000250,SEC00039,Merger,8/10/2025,
ACT000251,SEC00004,SpinOff,6/24/2025,4.13
ACT000252,SEC00102,RightsIssue,12/16/2024,
ACT000253,SEC00153,SpinOff,1/22/2025,3.67
ACT000254,SEC00088,Merger,3/4/2025,3.7
ACT000255,SEC00089,Dividend,12/30/2024,1.45
ACT000256,SEC00119,Merger,9/4/2025,
ACT000257,SEC00097,Dividend,11/4/2024,3.77
ACT000258,SEC00069,RightsIssue,4/23/2025,
ACT000259,SEC00031,Dividend,1/9/2025,4.35
ACT000260,SEC00052,Dividend,7/26/2025,4.42
ACT000261,SEC00137,Merger,3/4/2025,
ACT000262,SEC00108,Dividend,10/7/2024,4.26
ACT000263,SEC00001,Split,7/23/2025,1.46
ACT000264,SEC00043,Dividend,2/5/2025,5
ACT000265,SEC00088,Merger,5/25/2025,3.51
ACT000266,SEC00160,RightsIssue,3/14/2025,2.06
ACT000267,SEC00076,Dividend,4/24/2025,
ACT000268,SEC00023,RightsIssue,2/22/2025,
ACT000269,SEC00012,RightsIssue,12/2/2024,
ACT000270,SEC00062,RightsIssue,5/24/2025,4.93
ACT000271,SEC00073,Dividend,7/30/2025,0.34
ACT000272,SEC00061,Dividend,9/12/2024,
ACT000273,SEC00153,SpinOff,8/6/2025,0.46
ACT000274,SEC00048,Merger,4/6/2025,3.76
ACT000275,SEC00175,Dividend,1/12/2025,2.18
ACT000276,SEC00087,Dividend,3/26/2025,2.07
ACT000277,SEC00179,RightsIssue,7/6/2025,
ACT000278,SEC00123,SpinOff,3/7/2025,3.86
ACT000279,SEC00162,Merger,12/14/2024,2.25
ACT000280,SEC00039,Dividend,10/28/2024,0.78
ACT000281,SEC00020,RightsIssue,7/10/2025,2.66
ACT000282,SEC00081,Split,6/8/2025,
ACT000283,SEC00041,Split,1/12/2025,3.08
ACT000284,SEC00015,RightsIssue,2/4/2025,1.8
ACT000285,SEC00038,Dividend,12/17/2024,
ACT000286,SEC00179,Dividend,6/21/2025,3.6
ACT000287,SEC00099,Split,10/1/2024,4.65
ACT000288,SEC00031,RightsIssue,8/16/2025,2.46
ACT000289,SEC00094,SpinOff,8/8/2025,1.82
ACT000290,SEC00078,RightsIssue,6/3/2025,0.08
ACT000291,SEC00139,RightsIssue,11/10/2024,
ACT000292,SEC00001,Split,11/19/2024,
ACT000293,SEC00046,Split,5/1/2025,4.45
ACT000294,SEC00062,Split,10/5/2024,4.26
ACT000295,SEC00002,SpinOff,7/8/2025,0.39
ACT00029,SEC00033,RightsIssue,11/3/2024,1.76
ACT000297,SEC00151,Split,10/23/2024,3.79
ACT000298,SEC001234,RightsIssue,3/14/2025,2.06
ACT000299,SEC00100,RightsIssue,6/3/2025,1.47
ACT000300,SEC00012,Split,7/27/2025,3.27
ACT000301,SEC00012,Split,7/27/2025,3.27
ACT000302,SEC00100,RightsIssue,6/3/2025,1.47
